CustomerID,CustomerName,City,Age,MembershipType
C201,Arjun Reddy,Delhi,21,Regular
C202,Meera Verma,Indore,55,Regular
C203,Arjun Kapoor,Kolkata,48,Silver
C204,Meera Sharma,Hyderabad,52,Regular
C205,Pooja Bhat,Kolkata,36,Silver
C206,Rahul Joshi,Delhi,44,Regular
C207,Nisha Kumar,Bhopal,33,Regular
C208,Siddharth Joshi,Hyderabad,37,Regular
C209,Vikram Kapoor,Chennai,59,Regular
C210,Rishabh Gupta,Bangalore,45,Platinum
C211,Kiara Das,Delhi,28,Silver
C212,Anjali Choudhary,Indore,54,Regular
C213,Amit Sharma,Indore,36,Regular
C214,Rahul Patel,Kolkata,19,Regular
C215,Arjun Sharma,Pune,58,Regular
C216,Priya Kumar,Bangalore,59,Gold
C217,Arjun Reddy,Bhopal,57,Silver
C218,Nisha Choudhary,Pune,30,Regular
C219,Pooja Nair,Mumbai,31,Regular
C220,Vikram Malhotra,Chennai,63,Regular
C221,Meera Joshi,Pune,57,Regular
C222,Nisha Das,Mumbai,39,Regular
C223,Neha Malhotra,Bangalore,56,Regular
C224,Varun Singh,Hyderabad,47,Regular
C225,Neha Bhat,Delhi,46,Gold
C226,Meera Patel,Mumbai,56,Platinum
C227,Nisha Das,Pune,25,Regular
C228,Aditya Joshi,Ahmedabad,45,Silver
C229,Sneha Malhotra,Chennai,19,Regular
C230,Nisha Singh,Kolkata,48,Silver
C231,Varun Iyer,Chennai,36,Regular
C232,Neha Gupta,Ahmedabad,56,Regular
C233,Kiara Nair,Mumbai,61,Regular
C234,Amit Verma,Hyderabad,52,Silver
C235,Meera Gupta,Mumbai,22,Silver
C236,Sneha Choudhary,Pune,35,Silver
C237,Riya Nair,Indore,54,Silver
C238,Sneha Sharma,Mumbai,65,Regular
C239,Karan Patel,Indore,29,Regular
C240,Vikram Malhotra,Hyderabad,30,Regular
C241,Aditya Iyer,Mumbai,65,Regular
C242,Tara Patel,Hyderabad,47,Platinum
C243,Pooja Patel,Ahmedabad,23,Silver
C244,Kiara Reddy,Pune,28,Regular
C245,Sneha Patel,Kolkata,53,Regular
C246,Kiara Bhat,Ahmedabad,47,Regular
C247,Varun Kumar,Chennai,38,Gold
C248,Rahul Iyer,Mumbai,46,Regular
C249,Neha Bhat,Mumbai,38,Regular
C250,Rohan Kumar,Bhopal,47,Silver
C251,Neha Kumar,Indore,44,Silver
C252,Amit Verma,Bangalore,50,Gold
C253,Rishabh Malhotra,Delhi,63,Regular
C254,Meera Iyer,Bhopal,23,Regular
C255,Neha Choudhary,Bhopal,24,Platinum
C256,Pooja Kumar,Bhopal,23,Silver
C257,Neha Kapoor,Pune,63,Regular
C258,Aditya Malhotra,Hyderabad,39,Regular
C259,Aditya Das,Mumbai,24,Gold
C260,Vikram Iyer,Bangalore,65,Regular
C261,Rishabh Patel,Mumbai,44,Silver
C262,Rishabh Patel,Bangalore,20,Silver
C263,Kiara Bhat,Bangalore,63,Silver
C264,Priya Verma,Pune,39,Regular
C265,Aditya Kumar,Mumbai,37,Silver
C266,Karan Nair,Kolkata,28,Regular
C267,Karan Singh,Bangalore,26,Regular
C268,Rohan Das,Bangalore,43,Silver
C269,Aditya Nair,Indore,61,Silver
C270,Anjali Singh,Pune,56,Regular
C271,Arjun Das,Chennai,50,Regular
C272,Amit Choudhary,Ahmedabad,19,Platinum
C273,Priya Choudhary,Bhopal,36,Silver
C274,Sneha Singh,Bhopal,22,Silver
C275,Kiara Sharma,Delhi,58,Silver
C276,Pooja Choudhary,Bangalore,30,Platinum
C277,Rohan Nair,Ahmedabad,63,Gold
C278,Neha Das,Bangalore,62,Silver
C279,Rohan Singh,Bangalore,22,Silver
C280,Priya Patel,Ahmedabad,57,Regular
C281,Priya Nair,Bhopal,65,Silver
C282,Varun Das,Hyderabad,49,Silver
C283,Sneha Reddy,Hyderabad,24,Regular
C284,Tara Sharma,Kolkata,35,Gold
C285,Vikram Singh,Pune,36,Regular
C286,Meera Gupta,Pune,62,Silver
C287,Neha Bhat,Mumbai,63,Silver
C288,Nisha Kapoor,Kolkata,41,Regular
C289,Priya Sharma,Mumbai,20,Regular
C290,Sneha Sharma,Mumbai,25,Regular
C291,Amit Das,Hyderabad,44,Regular
C292,Rishabh Choudhary,Ahmedabad,63,Regular
C293,Varun Choudhary,Bangalore,19,Silver
C294,Varun Iyer,Kolkata,18,Regular
C295,Varun Joshi,Bangalore,46,Regular
C296,Rishabh Iyer,Mumbai,26,Gold
C297,Sneha Patel,Kolkata,51,Regular
C298,Kiara Singh,Pune,36,Regular
C299,Aditya Sharma,Mumbai,35,Silver
C300,Rahul Sharma,Hyderabad,52,Regular
C301,Riya Malhotra,Delhi,22,Silver
C302,Anjali Nair,Mumbai,61,Regular
C303,Karan Singh,Ahmedabad,53,Silver
C304,Siddharth Reddy,Bangalore,36,Regular
C305,Nisha Verma,Indore,63,Platinum
C306,Sneha Joshi,Pune,53,Regular
C307,Tara Verma,Bhopal,42,Silver
C308,Rishabh Das,Hyderabad,27,Regular
C309,Nisha Singh,Chennai,39,Platinum
C310,Varun Kapoor,Pune,41,Regular
C311,Kiara Patel,Delhi,28,Platinum
C312,Rohan Singh,Mumbai,23,Gold
C313,Rohan Gupta,Bangalore,56,Silver
C314,Rohan Verma,Delhi,50,Regular
C315,Sneha Kapoor,Indore,19,Regular
C316,Rishabh Sharma,Ahmedabad,31,Regular
C317,Amit Choudhary,Indore,33,Regular
C318,Siddharth Kapoor,Chennai,43,Gold
C319,Neha Kumar,Ahmedabad,52,Regular
C320,Nisha Choudhary,Mumbai,18,Regular
C321,Arjun Reddy,Delhi,36,Regular
C322,Karan Joshi,Indore,52,Regular
C323,Amit Verma,Ahmedabad,58,Regular
C324,Rishabh Das,Indore,53,Regular
C325,Kiara Verma,Bangalore,45,Regular
C326,Siddharth Malhotra,Kolkata,53,Regular
C327,Rohan Gupta,Bangalore,37,Platinum
C328,Karan Malhotra,Kolkata,55,Regular
C329,Siddharth Kapoor,Hyderabad,27,Regular
C330,Priya Reddy,Hyderabad,26,Regular
C331,Tara Bhat,Bangalore,30,Platinum
C332,Arjun Patel,Kolkata,30,Regular
C333,Siddharth Patel,Ahmedabad,51,Regular
C334,Amit Iyer,Ahmedabad,18,Silver
C335,Siddharth Malhotra,Bhopal,21,Silver
C336,Nisha Sharma,Indore,35,Platinum
C337,Karan Bhat,Delhi,22,Regular
C338,Priya Sharma,Bhopal,35,Regular
C339,Meera Malhotra,Pune,59,Gold
C340,Aditya Singh,Mumbai,36,Regular
C341,Arjun Nair,Delhi,61,Regular
C342,Priya Patel,Bhopal,19,Regular
C343,Neha Bhat,Indore,26,Platinum
C344,Aditya Das,Mumbai,50,Regular
C345,Pooja Kapoor,Indore,64,Regular
C346,Arjun Singh,Indore,47,Regular
C347,Aditya Choudhary,Chennai,55,Regular
C348,Kiara Choudhary,Pune,39,Silver
C349,Pooja Iyer,Bangalore,37,Regular
C350,Pooja Gupta,Chennai,25,Regular
C351,Meera Sharma,Pune,23,Platinum
C352,Tara Sharma,Kolkata,60,Regular
C353,Anjali Bhat,Delhi,42,Silver
C354,Rishabh Patel,Chennai,30,Regular
C355,Rahul Das,Mumbai,55,Regular
C356,Priya Verma,Chennai,61,Silver
C357,Sneha Reddy,Delhi,27,Regular
C358,Rahul Iyer,Chennai,54,Gold
C359,Karan Malhotra,Indore,35,Platinum
C360,Meera Das,Delhi,32,Silver
C361,Nisha Kapoor,Bhopal,52,Regular
C362,Sneha Iyer,Pune,40,Regular
C363,Sneha Joshi,Kolkata,65,Regular
C364,Pooja Nair,Delhi,62,Silver
C365,Varun Sharma,Chennai,47,Silver
C366,Varun Bhat,Hyderabad,45,Regular
C367,Arjun Nair,Hyderabad,42,Regular
C368,Rahul Bhat,Mumbai,27,Regular
C369,Neha Kumar,Bangalore,49,Silver
C370,Rahul Kumar,Delhi,40,Regular
C371,Nisha Bhat,Indore,28,Regular
C372,Rishabh Verma,Mumbai,40,Regular
C373,Nisha Kapoor,Indore,35,Regular
C374,Meera Verma,Ahmedabad,33,Regular
C375,Arjun Verma,Ahmedabad,53,Silver
C376,Pooja Choudhary,Pune,56,Regular
C377,Pooja Patel,Kolkata,41,Regular
C378,Karan Reddy,Mumbai,41,Silver
C379,Amit Reddy,Bhopal,61,Silver
C380,Arjun Das,Pune,23,Silver
C381,Varun Choudhary,Delhi,26,Regular
C382,Pooja Bhat,Ahmedabad,61,Regular
C383,Vikram Iyer,Kolkata,22,Regular
C384,Siddharth Singh,Ahmedabad,33,Regular
C385,Kiara Malhotra,Bhopal,42,Regular
C386,Tara Verma,Chennai,48,Platinum
C387,Anjali Bhat,Delhi,56,Silver
C388,Meera Joshi,Mumbai,32,Regular
C389,Varun Malhotra,Hyderabad,30,Silver
C390,Siddharth Das,Indore,37,Regular
C391,Aditya Iyer,Pune,50,Regular
C392,Anjali Malhotra,Chennai,32,Regular
C393,Karan Nair,Bhopal,47,Regular
C394,Sneha Iyer,Kolkata,53,Gold
C395,Tara Malhotra,Chennai,29,Regular
C396,Meera Nair,Hyderabad,28,Regular
C397,Anjali Kapoor,Delhi,35,Silver
C398,Neha Gupta,Bhopal,21,Gold
C399,Anjali Bhat,Indore,26,Regular
C400,Nisha Reddy,Bangalore,33,Platinum
C401,Aditya Iyer,Delhi,27,Gold
C402,Varun Reddy,Delhi,60,Regular
C403,Tara Kapoor,Bangalore,30,Regular
C404,Tara Gupta,Bangalore,48,Silver
C405,Aditya Joshi,Chennai,58,Silver
C406,Varun Malhotra,Pune,30,Platinum
C407,Priya Gupta,Mumbai,53,Gold
C408,Arjun Sharma,Pune,21,Silver
C409,Priya Reddy,Hyderabad,18,Regular
C410,Vikram Malhotra,Mumbai,34,Regular
C411,Aditya Kumar,Bangalore,20,Gold
C412,Tara Reddy,Pune,40,Gold
C413,Kiara Patel,Delhi,65,Regular
C414,Riya Kumar,Bangalore,45,Silver
C415,Rishabh Nair,Hyderabad,48,Platinum
C416,Rishabh Gupta,Bhopal,21,Silver
C417,Siddharth Kapoor,Bhopal,30,Gold
C418,Aditya Singh,Hyderabad,56,Regular
C419,Karan Bhat,Indore,45,Gold
C420,Meera Reddy,Indore,55,Regular
C421,Pooja Singh,Bangalore,41,Regular
C422,Sneha Sharma,Delhi,56,Regular
C423,Nisha Verma,Indore,45,Regular
C424,Pooja Sharma,Mumbai,27,Platinum
C425,Rohan Sharma,Pune,40,Silver
C426,Sneha Choudhary,Bangalore,20,Regular
C427,Anjali Choudhary,Kolkata,37,Regular
C428,Rishabh Sharma,Bangalore,59,Gold
C429,Vikram Das,Bhopal,65,Gold
C430,Varun Kumar,Kolkata,31,Silver
C431,Rahul Kapoor,Bhopal,58,Silver
C432,Kiara Das,Ahmedabad,60,Silver
C433,Vikram Gupta,Kolkata,19,Gold
C434,Riya Sharma,Hyderabad,47,Gold
C435,Varun Iyer,Mumbai,24,Silver
C436,Amit Choudhary,Bangalore,33,Regular
C437,Amit Joshi,Bhopal,20,Gold
C438,Meera Kapoor,Delhi,29,Gold
C439,Siddharth Kapoor,Delhi,39,Silver
C440,Aditya Gupta,Ahmedabad,20,Regular
C441,Priya Iyer,Delhi,34,Silver
C442,Rahul Singh,Delhi,28,Gold
C443,Pooja Das,Indore,49,Regular
C444,Nisha Joshi,Bangalore,46,Regular
C445,Rahul Malhotra,Bhopal,20,Regular
C446,Vikram Malhotra,Hyderabad,35,Regular
C447,Pooja Kapoor,Hyderabad,54,Regular
C448,Nisha Gupta,Ahmedabad,39,Regular
C449,Varun Bhat,Kolkata,19,Gold
C450,Meera Singh,Pune,44,Silver
C451,Rahul Sharma,Chennai,22,Regular
C452,Rohan Singh,Delhi,27,Silver
C453,Aditya Kapoor,Mumbai,29,Regular
C454,Amit Choudhary,Pune,59,Regular
C455,Karan Kapoor,Bangalore,22,Platinum
C456,Neha Iyer,Pune,51,Silver
C457,Nisha Malhotra,Delhi,65,Gold
C458,Siddharth Nair,Pune,41,Regular
C459,Aditya Malhotra,Mumbai,44,Regular
C460,Meera Reddy,Pune,24,Regular
C461,Riya Bhat,Bangalore,61,Regular
C462,Kiara Choudhary,Mumbai,22,Regular
C463,Arjun Malhotra,Pune,32,Regular
C464,Tara Patel,Hyderabad,30,Regular
C465,Amit Reddy,Mumbai,20,Regular
C466,Nisha Patel,Chennai,58,Silver
C467,Anjali Malhotra,Mumbai,44,Gold
C468,Nisha Das,Bangalore,61,Regular
C469,Sneha Choudhary,Indore,21,Regular
C470,Pooja Choudhary,Mumbai,23,Silver
C471,Sneha Iyer,Mumbai,44,Silver
C472,Nisha Singh,Hyderabad,37,Regular
C473,Rishabh Patel,Kolkata,36,Regular
C474,Varun Joshi,Mumbai,38,Regular
C475,Meera Malhotra,Mumbai,34,Regular
C476,Sneha Choudhary,Bhopal,19,Regular
C477,Rishabh Reddy,Kolkata,24,Regular
C478,Riya Malhotra,Kolkata,19,Gold
C479,Neha Patel,Hyderabad,47,Silver
C480,Sneha Kumar,Delhi,36,Platinum
C481,Karan Malhotra,Indore,38,Silver
C482,Rohan Sharma,Hyderabad,61,Regular
C483,Vikram Iyer,Delhi,49,Silver
C484,Rahul Nair,Indore,57,Regular
C485,Meera Reddy,Delhi,24,Platinum
C486,Rohan Sharma,Chennai,24,Silver
C487,Vikram Kumar,Delhi,40,Regular
C488,Tara Bhat,Bhopal,60,Silver
C489,Priya Sharma,Delhi,39,Platinum
C490,Sneha Iyer,Hyderabad,18,Platinum
C491,Priya Verma,Indore,54,Regular
C492,Meera Patel,Hyderabad,45,Platinum
C493,Priya Reddy,Hyderabad,64,Platinum
C494,Siddharth Gupta,Kolkata,30,Silver
C495,Kiara Malhotra,Mumbai,57,Silver
C496,Kiara Iyer,Bhopal,59,Regular
C497,Varun Nair,Ahmedabad,54,Silver
C498,Sneha Malhotra,Pune,34,Silver
C499,Rohan Joshi,Pune,44,Regular
C500,Rishabh Malhotra,Bhopal,52,Regular
C501,Tara Choudhary,Hyderabad,48,Regular
C502,Pooja Kapoor,Delhi,36,Platinum
C503,Pooja Nair,Pune,19,Regular
C504,Pooja Gupta,Delhi,61,Regular
C505,Tara Kapoor,Bangalore,23,Silver
C506,Priya Sharma,Mumbai,22,Platinum
C507,Siddharth Reddy,Chennai,26,Regular
C508,Amit Iyer,Chennai,53,Platinum
C509,Rohan Malhotra,Bhopal,49,Regular
C510,Pooja Kapoor,Chennai,31,Regular
C511,Pooja Sharma,Ahmedabad,57,Gold
C512,Meera Joshi,Indore,40,Regular
C513,Siddharth Gupta,Mumbai,37,Silver
C514,Anjali Nair,Delhi,26,Regular
C515,Siddharth Iyer,Indore,21,Gold
C516,Amit Singh,Bangalore,23,Regular
C517,Amit Reddy,Chennai,61,Platinum
C518,Aditya Reddy,Hyderabad,39,Regular
C519,Pooja Iyer,Ahmedabad,61,Silver
C520,Varun Iyer,Bangalore,22,Silver
C521,Tara Verma,Pune,59,Gold
C522,Anjali Patel,Kolkata,42,Silver
C523,Rishabh Kapoor,Pune,46,Regular
C524,Rohan Sharma,Pune,65,Silver
C525,Meera Gupta,Bangalore,53,Regular
C526,Rohan Kapoor,Delhi,35,Regular
C527,Rahul Nair,Mumbai,25,Regular
C528,Riya Joshi,Bhopal,61,Silver
C529,Arjun Reddy,Kolkata,65,Regular
C530,Amit Verma,Ahmedabad,33,Gold
C531,Vikram Choudhary,Chennai,51,Regular
C532,Riya Kumar,Bhopal,53,Regular
C533,Rahul Gupta,Bangalore,24,Regular
C534,Karan Verma,Bangalore,55,Silver
C535,Priya Sharma,Pune,19,Platinum
C536,Nisha Kumar,Bhopal,57,Platinum
C537,Siddharth Gupta,Ahmedabad,24,Gold
C538,Pooja Bhat,Pune,47,Regular
C539,Karan Das,Bangalore,54,Gold
C540,Meera Das,Delhi,64,Regular
C541,Neha Sharma,Bhopal,60,Regular
C542,Kiara Kapoor,Bhopal,33,Silver
C543,Amit Das,Chennai,53,Gold
C544,Rishabh Kapoor,Pune,19,Regular
C545,Nisha Das,Bhopal,26,Regular
C546,Amit Das,Bangalore,24,Regular
C547,Varun Bhat,Chennai,21,Regular
C548,Vikram Verma,Chennai,32,Regular
C549,Priya Malhotra,Kolkata,28,Regular
C550,Amit Kapoor,Chennai,54,Silver
C551,Rohan Gupta,Mumbai,23,Silver
C552,Nisha Joshi,Indore,18,Regular
C553,Rishabh Iyer,Ahmedabad,47,Silver
C554,Rohan Kapoor,Hyderabad,50,Silver
C555,Anjali Gupta,Mumbai,37,Silver
C556,Tara Bhat,Indore,31,Regular
C557,Riya Das,Indore,63,Platinum
C558,Karan Sharma,Bangalore,40,Silver
C559,Pooja Joshi,Bhopal,27,Silver
C560,Nisha Verma,Mumbai,35,Silver
C561,Neha Verma,Bangalore,57,Regular
C562,Rishabh Das,Bhopal,32,Gold
C563,Anjali Verma,Kolkata,41,Silver
C564,Amit Verma,Pune,22,Regular
C565,Nisha Sharma,Bangalore,53,Regular
C566,Meera Verma,Indore,29,Gold
C567,Aditya Kumar,Chennai,39,Gold
C568,Riya Patel,Bhopal,18,Silver
C569,Anjali Joshi,Mumbai,48,Regular
C570,Aditya Iyer,Hyderabad,44,Platinum
C571,Kiara Verma,Pune,21,Regular
C572,Tara Bhat,Pune,54,Regular
C573,Siddharth Bhat,Ahmedabad,42,Silver
C574,Varun Singh,Indore,38,Regular
C575,Rishabh Das,Chennai,42,Regular
C576,Riya Malhotra,Chennai,34,Regular
C577,Aditya Kapoor,Bangalore,57,Gold
C578,Rishabh Patel,Kolkata,59,Gold
C579,Sneha Patel,Kolkata,29,Regular
C580,Tara Reddy,Delhi,54,Regular
C581,Sneha Kapoor,Bhopal,30,Platinum
C582,Rohan Nair,Mumbai,64,Gold
C583,Rishabh Malhotra,Kolkata,60,Silver
C584,Varun Singh,Chennai,55,Regular
C585,Anjali Malhotra,Kolkata,22,Platinum
C586,Riya Choudhary,Mumbai,64,Regular
C587,Rohan Kapoor,Bhopal,42,Silver
C588,Priya Singh,Bhopal,43,Regular
C589,Arjun Malhotra,Indore,44,Regular
C590,Nisha Joshi,Bangalore,51,Silver
C591,Siddharth Kumar,Bangalore,62,Regular
C592,Nisha Gupta,Chennai,33,Gold
C593,Siddharth Kapoor,Pune,58,Regular
C594,Anjali Joshi,Bangalore,41,Regular
C595,Siddharth Sharma,Indore,35,Platinum
C596,Neha Joshi,Mumbai,43,Regular
C597,Meera Bhat,Kolkata,49,Platinum
C598,Aditya Patel,Ahmedabad,64,Regular
C599,Tara Reddy,Indore,48,Gold
C600,Priya Sharma,Bangalore,48,Regular
C601,Riya Bhat,Delhi,21,Regular
C602,Rohan Sharma,Hyderabad,39,Gold
C603,Meera Patel,Mumbai,38,Gold
C604,Varun Singh,Ahmedabad,40,Regular
C605,Arjun Verma,Pune,38,Silver
C606,Karan Verma,Chennai,64,Silver
C607,Rishabh Reddy,Bangalore,58,Silver
C608,Meera Choudhary,Bangalore,55,Regular
C609,Pooja Sharma,Bhopal,55,Regular
C610,Nisha Iyer,Kolkata,65,Regular
C611,Arjun Patel,Mumbai,24,Regular
C612,Priya Joshi,Pune,33,Regular
C613,Arjun Verma,Chennai,44,Regular
C614,Kiara Iyer,Bangalore,29,Silver
C615,Rishabh Joshi,Pune,62,Regular
C616,Siddharth Reddy,Kolkata,50,Silver
C617,Rishabh Kapoor,Hyderabad,57,Gold
C618,Priya Kumar,Chennai,53,Silver
C619,Neha Iyer,Pune,59,Silver
C620,Riya Reddy,Hyderabad,63,Regular
C621,Sneha Malhotra,Kolkata,43,Silver
C622,Kiara Bhat,Indore,45,Regular
C623,Aditya Verma,Chennai,41,Silver
C624,Aditya Joshi,Bhopal,44,Regular
C625,Siddharth Bhat,Bangalore,31,Regular
C626,Vikram Das,Ahmedabad,39,Silver
C627,Anjali Joshi,Bhopal,29,Regular
C628,Nisha Iyer,Kolkata,56,Regular
C629,Karan Das,Chennai,24,Silver
C630,Rohan Kumar,Kolkata,63,Regular
C631,Amit Nair,Bhopal,57,Platinum
C632,Siddharth Joshi,Hyderabad,55,Regular
C633,Pooja Das,Bangalore,58,Regular
C634,Rahul Joshi,Ahmedabad,45,Regular
C635,Meera Gupta,Ahmedabad,62,Gold
C636,Sneha Choudhary,Mumbai,65,Gold
C637,Anjali Joshi,Chennai,57,Gold
C638,Tara Choudhary,Delhi,55,Silver
C639,Aditya Kumar,Delhi,39,Regular
C640,Vikram Kapoor,Mumbai,60,Gold
C641,Meera Das,Hyderabad,34,Regular
C642,Nisha Joshi,Bangalore,45,Regular
C643,Anjali Bhat,Pune,61,Regular
C644,Nisha Patel,Delhi,28,Regular
C645,Rishabh Nair,Ahmedabad,52,Regular
C646,Rohan Gupta,Bangalore,47,Regular
C647,Karan Sharma,Chennai,56,Gold
C648,Tara Verma,Mumbai,35,Regular
C649,Rahul Kumar,Mumbai,41,Regular
C650,Neha Reddy,Delhi,54,Gold
C651,Tara Nair,Ahmedabad,60,Gold
C652,Varun Kumar,Kolkata,52,Regular
C653,Kiara Kapoor,Pune,19,Regular
C654,Rohan Das,Bangalore,47,Regular
C655,Vikram Patel,Chennai,57,Gold
C656,Karan Singh,Kolkata,19,Regular
C657,Tara Patel,Kolkata,48,Regular
C658,Rahul Nair,Pune,38,Silver
C659,Meera Gupta,Kolkata,51,Regular
C660,Rishabh Verma,Mumbai,48,Regular
C661,Varun Bhat,Kolkata,45,Regular
C662,Rohan Bhat,Kolkata,27,Silver
C663,Anjali Reddy,Delhi,56,Platinum
C664,Nisha Kumar,Bhopal,48,Regular
C665,Pooja Sharma,Kolkata,65,Regular
C666,Rahul Kumar,Pune,57,Platinum
C667,Sneha Malhotra,Bangalore,33,Regular
C668,Rohan Patel,Pune,46,Gold
C669,Amit Malhotra,Bangalore,45,Regular
C670,Aditya Patel,Indore,48,Silver
C671,Rohan Nair,Delhi,23,Regular
C672,Kiara Singh,Mumbai,18,Silver
C673,Priya Reddy,Bhopal,32,Silver
C674,Riya Joshi,Ahmedabad,53,Gold
C675,Siddharth Kumar,Bangalore,22,Regular
C676,Anjali Sharma,Bhopal,53,Silver
C677,Rishabh Sharma,Hyderabad,41,Gold
C678,Riya Sharma,Indore,64,Gold
C679,Nisha Choudhary,Bhopal,48,Platinum
C680,Meera Patel,Chennai,42,Regular
C681,Vikram Iyer,Indore,31,Regular
C682,Vikram Das,Ahmedabad,48,Regular
C683,Karan Das,Kolkata,37,Gold
C684,Aditya Iyer,Chennai,58,Gold
C685,Sneha Sharma,Bhopal,29,Silver
C686,Karan Joshi,Mumbai,53,Gold
C687,Karan Kumar,Delhi,41,Gold
C688,Neha Bhat,Indore,53,Regular
C689,Pooja Joshi,Mumbai,39,Regular
C690,Tara Patel,Pune,58,Regular
C691,Tara Kapoor,Bangalore,45,Regular
C692,Rohan Singh,Indore,51,Regular
C693,Arjun Kapoor,Mumbai,52,Silver
C694,Kiara Das,Kolkata,53,Silver
C695,Siddharth Sharma,Bhopal,65,Regular
C696,Meera Patel,Kolkata,61,Regular
C697,Neha Singh,Delhi,56,Gold
C698,Tara Choudhary,Hyderabad,57,Gold
C699,Tara Reddy,Kolkata,49,Regular
C700,Riya Gupta,Mumbai,62,Regular
C701,Arjun Kumar,Indore,29,Gold
C702,Anjali Nair,Mumbai,60,Regular
C703,Tara Iyer,Ahmedabad,23,Regular
C704,Rishabh Singh,Kolkata,61,Regular
C705,Rahul Kapoor,Hyderabad,34,Silver
C706,Pooja Joshi,Delhi,21,Regular
C707,Neha Choudhary,Chennai,22,Silver
C708,Karan Kapoor,Indore,25,Silver
C709,Amit Choudhary,Chennai,64,Gold
C710,Sneha Nair,Mumbai,62,Regular
C711,Amit Malhotra,Pune,35,Regular
C712,Pooja Bhat,Mumbai,18,Regular
C713,Rohan Bhat,Kolkata,28,Silver
C714,Tara Joshi,Delhi,59,Regular
C715,Kiara Singh,Mumbai,28,Silver
C716,Siddharth Joshi,Indore,48,Platinum
C717,Rishabh Kumar,Indore,45,Silver
C718,Meera Verma,Indore,64,Regular
C719,Nisha Patel,Indore,38,Regular
C720,Meera Reddy,Delhi,63,Silver
C721,Karan Singh,Ahmedabad,22,Silver
C722,Rishabh Verma,Hyderabad,61,Regular
C723,Priya Gupta,Bangalore,34,Silver
C724,Sneha Iyer,Mumbai,49,Platinum
C725,Tara Sharma,Mumbai,21,Silver
C726,Neha Kapoor,Indore,24,Regular
C727,Meera Joshi,Chennai,19,Silver
C728,Aditya Kapoor,Delhi,50,Silver
C729,Nisha Kumar,Mumbai,63,Regular
C730,Pooja Gupta,Chennai,59,Regular
C731,Meera Gupta,Bangalore,38,Regular
C732,Karan Bhat,Delhi,43,Regular
C733,Arjun Malhotra,Mumbai,58,Regular
C734,Amit Nair,Kolkata,41,Silver
C735,Arjun Das,Hyderabad,28,Regular
C736,Priya Gupta,Mumbai,30,Regular
C737,Anjali Kumar,Pune,40,Regular
C738,Pooja Iyer,Indore,24,Regular
C739,Pooja Kumar,Kolkata,21,Regular
C740,Kiara Patel,Chennai,21,Regular
C741,Siddharth Nair,Bhopal,51,Regular
C742,Aditya Choudhary,Bangalore,32,Regular
C743,Amit Reddy,Indore,55,Regular
C744,Tara Patel,Pune,48,Gold
C745,Rohan Gupta,Delhi,45,Platinum
C746,Nisha Joshi,Indore,63,Silver
C747,Rohan Malhotra,Mumbai,54,Silver
C748,Varun Patel,Ahmedabad,34,Regular
C749,Amit Sharma,Mumbai,59,Gold
C750,Pooja Iyer,Delhi,64,Regular
C751,Kiara Das,Kolkata,23,Platinum
C752,Neha Kumar,Mumbai,49,Regular
C753,Kiara Patel,Mumbai,37,Silver
C754,Aditya Bhat,Hyderabad,59,Regular
C755,Varun Sharma,Chennai,44,Silver
C756,Siddharth Choudhary,Ahmedabad,64,Silver
C757,Meera Bhat,Kolkata,53,Silver
C758,Nisha Patel,Hyderabad,38,Silver
C759,Tara Singh,Chennai,58,Regular
C760,Anjali Singh,Hyderabad,56,Gold
C761,Nisha Das,Ahmedabad,52,Regular
C762,Tara Joshi,Hyderabad,48,Platinum
C763,Aditya Malhotra,Delhi,48,Gold
C764,Sneha Iyer,Pune,59,Regular
C765,Siddharth Verma,Chennai,19,Regular
C766,Neha Kapoor,Chennai,48,Regular
C767,Nisha Choudhary,Indore,42,Gold
C768,Priya Kapoor,Indore,62,Regular
C769,Meera Reddy,Indore,54,Regular
C770,Varun Malhotra,Indore,34,Silver
C771,Neha Gupta,Bangalore,52,Silver
C772,Nisha Iyer,Bangalore,43,Regular
C773,Tara Bhat,Mumbai,35,Platinum
C774,Aditya Iyer,Pune,27,Gold
C775,Amit Bhat,Bhopal,24,Gold
C776,Nisha Patel,Kolkata,38,Regular
C777,Pooja Malhotra,Kolkata,47,Regular
C778,Sneha Sharma,Hyderabad,60,Silver
C779,Tara Nair,Bangalore,39,Silver
C780,Kiara Gupta,Indore,24,Gold
C781,Pooja Sharma,Bangalore,40,Regular
C782,Amit Bhat,Bangalore,24,Regular
C783,Amit Malhotra,Hyderabad,32,Regular
C784,Siddharth Bhat,Chennai,47,Regular
C785,Pooja Patel,Hyderabad,28,Platinum
C786,Rohan Das,Chennai,41,Silver
C787,Tara Kumar,Bangalore,46,Silver
C788,Nisha Singh,Indore,65,Regular
C789,Nisha Sharma,Indore,22,Regular
C790,Nisha Sharma,Bhopal,52,Regular
C791,Riya Gupta,Ahmedabad,22,Silver
C792,Rahul Malhotra,Bangalore,22,Regular
C793,Amit Singh,Pune,25,Regular
C794,Neha Malhotra,Pune,53,Gold
C795,Tara Nair,Delhi,54,Silver
C796,Priya Reddy,Pune,59,Gold
C797,Nisha Sharma,Delhi,20,Platinum
C798,Amit Choudhary,Chennai,50,Silver
C799,Meera Nair,Hyderabad,64,Regular
C800,Karan Singh,Bhopal,47,Regular
C801,Tara Choudhary,Bhopal,39,Silver
C802,Rohan Choudhary,Chennai,56,Regular
C803,Varun Das,Kolkata,29,Silver
C804,Sneha Das,Mumbai,25,Regular
C805,Rahul Kumar,Mumbai,29,Regular
C806,Anjali Kapoor,Kolkata,65,Platinum
C807,Pooja Kapoor,Kolkata,35,Regular
C808,Riya Patel,Bhopal,62,Silver
C809,Riya Bhat,Delhi,56,Gold
C810,Riya Gupta,Bhopal,35,Regular
C811,Vikram Verma,Ahmedabad,41,Silver
C812,Varun Gupta,Kolkata,46,Regular
C813,Neha Singh,Chennai,27,Silver
C814,Siddharth Kapoor,Bhopal,36,Regular
C815,Varun Gupta,Hyderabad,28,Silver
C816,Rohan Bhat,Bangalore,59,Regular
C817,Sneha Kumar,Hyderabad,20,Regular
C818,Kiara Reddy,Mumbai,23,Silver
C819,Kiara Das,Pune,54,Platinum
C820,Siddharth Das,Pune,54,Regular
C821,Neha Das,Mumbai,23,Regular
C822,Karan Bhat,Bhopal,60,Regular
C823,Arjun Reddy,Delhi,32,Regular
C824,Varun Kapoor,Indore,54,Regular
C825,Aditya Nair,Pune,65,Silver
C826,Siddharth Nair,Ahmedabad,42,Platinum
C827,Meera Sharma,Mumbai,19,Gold
C828,Meera Reddy,Kolkata,58,Regular
C829,Tara Gupta,Delhi,28,Silver
C830,Sneha Patel,Chennai,18,Platinum
C831,Riya Malhotra,Kolkata,40,Silver
C832,Amit Gupta,Pune,60,Regular
C833,Arjun Singh,Bhopal,48,Silver
C834,Siddharth Reddy,Kolkata,34,Gold
C835,Pooja Choudhary,Chennai,28,Regular
C836,Siddharth Sharma,Mumbai,60,Regular
C837,Aditya Choudhary,Chennai,28,Gold
C838,Varun Verma,Bangalore,43,Regular
C839,Varun Bhat,Delhi,18,Platinum
C840,Arjun Sharma,Pune,57,Regular
C841,Pooja Gupta,Pune,28,Silver
C842,Meera Malhotra,Chennai,26,Regular
C843,Rishabh Malhotra,Kolkata,35,Regular
C844,Pooja Kumar,Ahmedabad,65,Regular
C845,Meera Sharma,Chennai,21,Gold
C846,Nisha Gupta,Hyderabad,60,Regular
C847,Pooja Nair,Bangalore,25,Silver
C848,Sneha Kapoor,Mumbai,19,Regular
C849,Vikram Iyer,Bhopal,28,Gold
C850,Meera Malhotra,Bhopal,37,Silver
C851,Tara Kapoor,Kolkata,38,Silver
C852,Pooja Sharma,Hyderabad,53,Regular
C853,Siddharth Singh,Delhi,57,Gold
C854,Vikram Joshi,Delhi,58,Regular
C855,Tara Gupta,Bangalore,47,Platinum
C856,Nisha Patel,Indore,43,Regular
C857,Rohan Choudhary,Hyderabad,32,Silver
C858,Karan Reddy,Mumbai,46,Gold
C859,Tara Kumar,Bhopal,48,Platinum
C860,Rahul Verma,Mumbai,19,Regular
C861,Siddharth Bhat,Indore,49,Regular
C862,Kiara Choudhary,Kolkata,32,Regular
C863,Varun Choudhary,Kolkata,57,Silver
C864,Arjun Gupta,Bangalore,37,Silver
C865,Rohan Nair,Delhi,51,Gold
C866,Kiara Patel,Bhopal,45,Gold
C867,Meera Kapoor,Hyderabad,41,Gold
C868,Sneha Das,Mumbai,49,Silver
C869,Kiara Bhat,Ahmedabad,60,Regular
C870,Pooja Singh,Indore,63,Regular
C871,Aditya Das,Delhi,37,Regular
C872,Varun Malhotra,Delhi,32,Gold
C873,Rishabh Gupta,Hyderabad,61,Regular
C874,Rishabh Malhotra,Kolkata,44,Regular
C875,Kiara Iyer,Indore,46,Silver
C876,Vikram Nair,Chennai,64,Regular
C877,Neha Malhotra,Bhopal,29,Regular
C878,Vikram Nair,Pune,52,Gold
C879,Meera Das,Hyderabad,60,Regular
C880,Siddharth Verma,Indore,51,Regular
C881,Kiara Reddy,Ahmedabad,57,Regular
C882,Kiara Patel,Chennai,35,Gold
C883,Meera Joshi,Pune,33,Regular
C884,Varun Nair,Bangalore,36,Silver
C885,Arjun Malhotra,Hyderabad,42,Platinum
C886,Sneha Singh,Mumbai,40,Gold
C887,Pooja Gupta,Ahmedabad,45,Regular
C888,Neha Kapoor,Ahmedabad,56,Silver
C889,Nisha Kumar,Pune,57,Silver
C890,Siddharth Nair,Pune,46,Silver
C891,Arjun Singh,Chennai,47,Gold
C892,Rishabh Bhat,Bangalore,60,Platinum
C893,Karan Patel,Bhopal,53,Silver
C894,Nisha Nair,Delhi,23,Regular
C895,Rohan Verma,Bhopal,48,Regular
C896,Rahul Patel,Indore,24,Silver
C897,Meera Bhat,Kolkata,25,Regular
C898,Kiara Sharma,Ahmedabad,49,Regular
C899,Varun Joshi,Bangalore,38,Regular
C900,Anjali Choudhary,Chennai,37,Platinum
C901,Tara Malhotra,Mumbai,65,Regular
C902,Varun Singh,Hyderabad,52,Silver
C903,Pooja Verma,Bangalore,33,Silver
C904,Meera Bhat,Delhi,38,Silver
C905,Priya Gupta,Indore,22,Regular
C906,Karan Kumar,Chennai,42,Gold
C907,Tara Reddy,Chennai,22,Regular
C908,Meera Malhotra,Indore,41,Regular
C909,Sneha Sharma,Mumbai,36,Regular
C910,Rishabh Malhotra,Mumbai,18,Gold
C911,Karan Singh,Chennai,63,Silver
C912,Priya Gupta,Kolkata,45,Gold
C913,Rohan Sharma,Ahmedabad,51,Regular
C914,Rahul Singh,Kolkata,56,Silver
C915,Sneha Sharma,Indore,37,Regular
C916,Sneha Verma,Mumbai,60,Regular
C917,Kiara Das,Ahmedabad,30,Platinum
C918,Riya Patel,Indore,45,Regular
C919,Nisha Sharma,Bangalore,30,Silver
C920,Varun Das,Ahmedabad,37,Gold
C921,Aditya Iyer,Indore,49,Regular
C922,Anjali Kumar,Hyderabad,33,Silver
C923,Meera Choudhary,Indore,29,Regular
C924,Nisha Verma,Kolkata,49,Regular
C925,Arjun Joshi,Kolkata,65,Regular
C926,Priya Verma,Bangalore,53,Regular
C927,Vikram Malhotra,Mumbai,19,Gold
C928,Arjun Reddy,Mumbai,64,Regular
C929,Rohan Patel,Ahmedabad,39,Regular
C930,Rishabh Singh,Mumbai,54,Silver
C931,Meera Nair,Hyderabad,20,Platinum
C932,Varun Patel,Mumbai,28,Platinum
C933,Siddharth Singh,Hyderabad,39,Regular
C934,Meera Bhat,Chennai,26,Platinum
C935,Nisha Verma,Delhi,45,Regular
C936,Vikram Joshi,Hyderabad,24,Regular
C937,Kiara Sharma,Ahmedabad,59,Silver
C938,Nisha Singh,Hyderabad,52,Regular
C939,Priya Kapoor,Ahmedabad,65,Regular
C940,Meera Gupta,Bhopal,44,Regular
C941,Anjali Bhat,Kolkata,27,Silver
C942,Karan Malhotra,Hyderabad,34,Platinum
C943,Rishabh Nair,Bhopal,38,Regular
C944,Pooja Gupta,Delhi,59,Silver
C945,Priya Nair,Ahmedabad,29,Platinum
C946,Rahul Iyer,Bangalore,60,Silver
C947,Karan Reddy,Pune,60,Silver
C948,Meera Malhotra,Delhi,56,Gold
C949,Arjun Joshi,Indore,42,Regular
C950,Riya Patel,Pune,39,Silver
C951,Tara Bhat,Delhi,45,Gold
C952,Aditya Malhotra,Delhi,60,Gold
C953,Karan Reddy,Pune,57,Gold
C954,Meera Malhotra,Mumbai,56,Regular
C955,Arjun Das,Kolkata,45,Regular
C956,Aditya Malhotra,Delhi,39,Platinum
C957,Rishabh Gupta,Chennai,20,Regular
C958,Rishabh Gupta,Bhopal,51,Gold
C959,Priya Kumar,Bangalore,31,Silver
C960,Sneha Kumar,Bhopal,21,Regular
C961,Arjun Reddy,Delhi,33,Silver
C962,Amit Verma,Hyderabad,28,Silver
C963,Nisha Iyer,Indore,44,Silver
C964,Aditya Sharma,Chennai,21,Silver
C965,Sneha Bhat,Ahmedabad,24,Regular
C966,Aditya Patel,Indore,46,Gold
C967,Meera Singh,Ahmedabad,18,Regular
C968,Vikram Iyer,Bangalore,18,Silver
C969,Varun Nair,Pune,43,Regular
C970,Kiara Patel,Pune,48,Silver
C971,Tara Reddy,Pune,39,Regular
C972,Rishabh Kumar,Ahmedabad,62,Regular
C973,Rishabh Kumar,Chennai,27,Regular
C974,Sneha Joshi,Hyderabad,56,Gold
C975,Meera Nair,Delhi,32,Platinum
C976,Sneha Gupta,Indore,40,Regular
C977,Varun Iyer,Bangalore,29,Silver
C978,Riya Reddy,Kolkata,26,Regular
C979,Karan Das,Bangalore,47,Silver
C980,Tara Verma,Bangalore,37,Gold
C981,Amit Patel,Hyderabad,58,Regular
C982,Rohan Choudhary,Pune,62,Gold
C983,Rahul Singh,Pune,21,Silver
C984,Priya Joshi,Hyderabad,65,Regular
C985,Arjun Das,Bangalore,50,Regular
C986,Pooja Patel,Ahmedabad,52,Gold
C987,Pooja Bhat,Bangalore,28,Regular
C988,Siddharth Malhotra,Bangalore,27,Regular
C989,Siddharth Singh,Indore,24,Gold
C990,Rohan Kapoor,Bhopal,57,Regular
C991,Karan Choudhary,Pune,48,Platinum
C992,Meera Kapoor,Bhopal,63,Regular
C993,Siddharth Nair,Bangalore,33,Regular
C994,Rohan Kumar,Kolkata,28,Regular
C995,Meera Joshi,Kolkata,37,Regular
C996,Rahul Iyer,Kolkata,35,Silver
C997,Meera Verma,Indore,18,Regular
C998,Rohan Verma,Hyderabad,27,Regular
C999,Riya Nair,Mumbai,32,Platinum
C1000,Varun Gupta,Indore,45,Regular
C1001,Siddharth Kapoor,Mumbai,42,Regular
C1002,Kiara Verma,Chennai,22,Regular
C1003,Sneha Nair,Ahmedabad,49,Regular
C1004,Pooja Kumar,Pune,33,Regular
C1005,Pooja Joshi,Kolkata,37,Gold
C1006,Riya Das,Pune,32,Regular
C1007,Neha Malhotra,Kolkata,29,Regular
C1008,Rishabh Malhotra,Bangalore,65,Regular
C1009,Karan Malhotra,Bangalore,21,Silver
C1010,Anjali Nair,Delhi,55,Regular
C1011,Aditya Das,Hyderabad,37,Platinum
C1012,Rishabh Kapoor,Bhopal,26,Platinum
C1013,Pooja Sharma,Bhopal,64,Gold
C1014,Anjali Malhotra,Ahmedabad,59,Gold
C1015,Rishabh Malhotra,Delhi,30,Silver
C1016,Vikram Iyer,Bhopal,43,Regular
C1017,Siddharth Joshi,Bhopal,34,Regular
C1018,Vikram Singh,Chennai,42,Regular
C1019,Priya Sharma,Hyderabad,23,Regular
C1020,Amit Nair,Chennai,33,Regular
C1021,Sneha Choudhary,Hyderabad,45,Platinum
C1022,Aditya Iyer,Hyderabad,49,Regular
C1023,Riya Nair,Bhopal,63,Regular
C1024,Rohan Kumar,Delhi,58,Regular
C1025,Vikram Reddy,Bangalore,31,Regular
C1026,Anjali Iyer,Bangalore,48,Silver
C1027,Rahul Malhotra,Delhi,57,Platinum
C1028,Nisha Singh,Indore,33,Regular
C1029,Anjali Malhotra,Mumbai,55,Regular
C1030,Rahul Iyer,Bangalore,50,Regular
C1031,Karan Das,Pune,31,Gold
C1032,Riya Kapoor,Bhopal,57,Silver
C1033,Siddharth Reddy,Indore,59,Regular
C1034,Neha Choudhary,Chennai,55,Platinum
C1035,Anjali Joshi,Ahmedabad,24,Regular
C1036,Varun Singh,Kolkata,44,Silver
C1037,Rishabh Iyer,Kolkata,62,Regular
C1038,Vikram Joshi,Bhopal,29,Regular
C1039,Varun Reddy,Ahmedabad,49,Regular
C1040,Priya Patel,Bangalore,18,Platinum
C1041,Riya Nair,Bhopal,23,Regular
C1042,Rahul Reddy,Delhi,58,Gold
C1043,Amit Bhat,Pune,53,Silver
C1044,Varun Singh,Ahmedabad,60,Regular
C1045,Sneha Sharma,Bhopal,39,Silver
C1046,Sneha Gupta,Bangalore,43,Regular
C1047,Meera Sharma,Indore,48,Silver
C1048,Anjali Choudhary,Mumbai,28,Silver
C1049,Siddharth Nair,Chennai,65,Regular
C1050,Rahul Patel,Bhopal,29,Regular
C1051,Karan Bhat,Mumbai,37,Gold
C1052,Kiara Das,Ahmedabad,49,Regular
C1053,Rahul Kapoor,Chennai,25,Regular
C1054,Anjali Joshi,Pune,55,Platinum
C1055,Meera Gupta,Pune,46,Regular
C1056,Sneha Das,Mumbai,63,Silver
C1057,Rahul Reddy,Bhopal,39,Regular
C1058,Pooja Malhotra,Mumbai,35,Regular
C1059,Rohan Patel,Indore,47,Silver
C1060,Meera Singh,Chennai,32,Regular
C1061,Riya Nair,Indore,47,Regular
C1062,Rishabh Verma,Hyderabad,31,Silver
C1063,Meera Bhat,Hyderabad,40,Regular
C1064,Siddharth Kapoor,Pune,49,Regular
C1065,Sneha Singh,Delhi,35,Regular
C1066,Amit Verma,Bangalore,39,Silver
C1067,Priya Gupta,Pune,41,Gold
C1068,Riya Choudhary,Bhopal,52,Regular
C1069,Tara Sharma,Hyderabad,40,Gold
C1070,Karan Sharma,Hyderabad,58,Regular
C1071,Tara Singh,Kolkata,37,Regular
C1072,Kiara Choudhary,Bhopal,43,Gold
C1073,Meera Iyer,Hyderabad,34,Gold
C1074,Aditya Singh,Bhopal,36,Regular
C1075,Tara Choudhary,Delhi,25,Gold
C1076,Rohan Joshi,Kolkata,57,Regular
C1077,Riya Bhat,Ahmedabad,62,Regular
C1078,Nisha Choudhary,Kolkata,42,Platinum
C1079,Rishabh Iyer,Kolkata,58,Regular
C1080,Vikram Choudhary,Bangalore,37,Regular
C1081,Rohan Malhotra,Mumbai,31,Regular
C1082,Anjali Choudhary,Hyderabad,20,Silver
C1083,Pooja Reddy,Mumbai,19,Regular
C1084,Siddharth Das,Indore,38,Regular
C1085,Siddharth Bhat,Bangalore,62,Regular
C1086,Sneha Kapoor,Kolkata,51,Regular
C1087,Karan Reddy,Bhopal,39,Regular
C1088,Pooja Malhotra,Bangalore,61,Regular
C1089,Varun Reddy,Chennai,26,Regular
C1090,Rahul Verma,Delhi,61,Regular
C1091,Pooja Singh,Delhi,32,Gold
C1092,Rahul Joshi,Hyderabad,40,Regular
C1093,Aditya Bhat,Bhopal,52,Platinum
C1094,Karan Singh,Delhi,27,Regular
C1095,Rohan Kumar,Bhopal,24,Regular
C1096,Pooja Kumar,Ahmedabad,52,Regular
C1097,Amit Nair,Pune,58,Regular
C1098,Sneha Iyer,Indore,39,Regular
C1099,Vikram Choudhary,Bhopal,57,Regular
C1100,Aditya Singh,Bhopal,27,Silver
C1101,Amit Singh,Mumbai,52,Regular
C1102,Rishabh Bhat,Kolkata,46,Regular
C1103,Rishabh Bhat,Kolkata,61,Gold
C1104,Siddharth Iyer,Bhopal,48,Regular
C1105,Aditya Kapoor,Indore,61,Silver
C1106,Karan Joshi,Ahmedabad,35,Silver
C1107,Sneha Singh,Pune,40,Platinum
C1108,Anjali Bhat,Hyderabad,18,Platinum
C1109,Anjali Iyer,Bhopal,43,Regular
C1110,Kiara Patel,Pune,31,Gold
C1111,Pooja Das,Hyderabad,56,Regular
C1112,Tara Sharma,Mumbai,50,Regular
C1113,Anjali Patel,Delhi,57,Gold
C1114,Rahul Iyer,Indore,48,Regular
C1115,Priya Singh,Bangalore,56,Silver
C1116,Neha Joshi,Ahmedabad,55,Regular
C1117,Arjun Sharma,Chennai,62,Silver
C1118,Rohan Singh,Mumbai,56,Regular
C1119,Amit Sharma,Bhopal,26,Regular
C1120,Anjali Reddy,Indore,24,Regular
C1121,Siddharth Bhat,Ahmedabad,20,Regular
C1122,Karan Joshi,Kolkata,43,Regular
C1123,Amit Choudhary,Bhopal,20,Regular
C1124,Tara Iyer,Indore,29,Platinum
C1125,Neha Bhat,Hyderabad,37,Regular
C1126,Riya Reddy,Kolkata,38,Gold
C1127,Sneha Bhat,Pune,25,Silver
C1128,Rahul Singh,Mumbai,53,Regular
C1129,Arjun Kumar,Delhi,28,Gold
C1130,Amit Kapoor,Chennai,26,Regular
C1131,Meera Joshi,Indore,51,Gold
C1132,Neha Kumar,Pune,50,Regular
C1133,Arjun Iyer,Indore,22,Platinum
C1134,Rahul Bhat,Mumbai,40,Platinum
C1135,Priya Nair,Bangalore,45,Silver
C1136,Meera Malhotra,Bangalore,40,Regular
C1137,Karan Singh,Bangalore,33,Gold
C1138,Siddharth Sharma,Ahmedabad,41,Gold
C1139,Amit Iyer,Chennai,27,Gold
C1140,Rohan Bhat,Indore,18,Platinum
C1141,Anjali Verma,Mumbai,57,Gold
C1142,Karan Patel,Delhi,36,Regular
C1143,Anjali Gupta,Delhi,29,Regular
C1144,Riya Patel,Indore,60,Regular
C1145,Karan Das,Indore,27,Silver
C1146,Rishabh Iyer,Indore,65,Silver
C1147,Neha Iyer,Kolkata,22,Regular
C1148,Neha Nair,Chennai,47,Regular
C1149,Neha Verma,Bangalore,30,Silver
C1150,Aditya Kapoor,Bhopal,59,Regular
C1151,Neha Reddy,Ahmedabad,54,Regular
C1152,Anjali Nair,Hyderabad,49,Silver
C1153,Rohan Choudhary,Delhi,51,Gold
C1154,Neha Kapoor,Pune,28,Regular
C1155,Neha Joshi,Ahmedabad,65,Regular
C1156,Pooja Das,Mumbai,21,Regular
C1157,Riya Choudhary,Pune,36,Regular
C1158,Nisha Choudhary,Indore,34,Regular
C1159,Rishabh Patel,Bangalore,46,Silver
C1160,Siddharth Das,Bangalore,24,Gold
C1161,Pooja Malhotra,Mumbai,39,Platinum
C1162,Siddharth Bhat,Mumbai,41,Regular
C1163,Sneha Das,Mumbai,35,Regular
C1164,Kiara Malhotra,Bangalore,48,Platinum
C1165,Rohan Bhat,Mumbai,43,Regular
C1166,Anjali Nair,Mumbai,48,Regular
C1167,Anjali Sharma,Kolkata,41,Regular
C1168,Aditya Verma,Bhopal,38,Regular
C1169,Anjali Patel,Pune,62,Regular
C1170,Anjali Sharma,Pune,61,Gold
C1171,Arjun Joshi,Indore,35,Regular
C1172,Riya Kumar,Mumbai,58,Regular
C1173,Arjun Malhotra,Pune,31,Regular
C1174,Amit Sharma,Bhopal,38,Regular
C1175,Varun Choudhary,Pune,52,Silver
C1176,Sneha Patel,Pune,22,Silver
C1177,Sneha Kapoor,Indore,46,Platinum
C1178,Karan Verma,Kolkata,49,Regular
C1179,Aditya Das,Indore,18,Silver
C1180,Priya Verma,Chennai,61,Regular
C1181,Tara Verma,Mumbai,38,Regular
C1182,Vikram Singh,Mumbai,51,Gold
C1183,Riya Iyer,Chennai,19,Regular
C1184,Vikram Gupta,Pune,32,Regular
C1185,Anjali Kumar,Delhi,38,Platinum
C1186,Kiara Malhotra,Kolkata,57,Silver
C1187,Rishabh Iyer,Pune,26,Regular
C1188,Rohan Reddy,Mumbai,45,Regular
C1189,Priya Choudhary,Delhi,21,Silver
C1190,Karan Choudhary,Delhi,53,Platinum
C1191,Meera Joshi,Pune,55,Silver
C1192,Riya Kapoor,Hyderabad,40,Silver
C1193,Rishabh Kapoor,Delhi,46,Silver
C1194,Varun Das,Pune,63,Regular
C1195,Sneha Das,Hyderabad,65,Gold
C1196,Rahul Malhotra,Ahmedabad,27,Regular
C1197,Rishabh Malhotra,Mumbai,26,Silver
C1198,Siddharth Bhat,Hyderabad,46,Regular
C1199,Sneha Reddy,Delhi,64,Gold
C1200,Neha Patel,Kolkata,35,Regular
C1201,Tara Das,Ahmedabad,26,Regular
C1202,Vikram Choudhary,Mumbai,53,Regular
C1203,Nisha Joshi,Kolkata,38,Platinum
C1204,Meera Verma,Bhopal,54,Silver
C1205,Neha Nair,Mumbai,44,Regular
C1206,Priya Joshi,Indore,52,Regular
C1207,Tara Joshi,Chennai,47,Gold
C1208,Karan Bhat,Kolkata,61,Regular
C1209,Siddharth Iyer,Bhopal,28,Regular
C1210,Tara Gupta,Indore,29,Regular
C1211,Rishabh Reddy,Bhopal,56,Regular
C1212,Rohan Kapoor,Kolkata,36,Regular
C1213,Anjali Patel,Indore,42,Regular
C1214,Nisha Patel,Bangalore,43,Platinum
C1215,Nisha Verma,Bhopal,25,Regular
C1216,Siddharth Reddy,Ahmedabad,64,Silver
C1217,Neha Iyer,Bhopal,45,Gold
C1218,Amit Das,Hyderabad,19,Regular
C1219,Rishabh Choudhary,Hyderabad,27,Platinum
C1220,Karan Choudhary,Chennai,59,Gold
C1221,Kiara Nair,Pune,33,Regular
C1222,Varun Nair,Kolkata,34,Gold
C1223,Tara Singh,Pune,62,Silver
C1224,Neha Choudhary,Indore,62,Regular
C1225,Amit Singh,Hyderabad,25,Silver
C1226,Karan Choudhary,Mumbai,45,Regular
C1227,Arjun Joshi,Bangalore,35,Regular
C1228,Meera Verma,Kolkata,38,Gold
C1229,Meera Joshi,Hyderabad,23,Regular
C1230,Rohan Joshi,Bhopal,53,Silver
C1231,Neha Joshi,Delhi,21,Gold
C1232,Rohan Sharma,Kolkata,21,Silver
C1233,Aditya Patel,Indore,29,Silver
C1234,Riya Patel,Indore,30,Silver
C1235,Kiara Verma,Hyderabad,19,Regular
C1236,Tara Malhotra,Hyderabad,46,Silver
C1237,Neha Das,Bhopal,49,Regular
C1238,Meera Gupta,Kolkata,43,Regular
C1239,Anjali Bhat,Delhi,43,Regular
C1240,Siddharth Sharma,Bangalore,60,Silver
C1241,Siddharth Iyer,Pune,44,Silver
C1242,Amit Reddy,Bhopal,63,Gold
C1243,Amit Choudhary,Bhopal,47,Regular
C1244,Tara Verma,Bhopal,48,Regular
C1245,Amit Kapoor,Indore,24,Silver
C1246,Amit Kapoor,Indore,25,Silver
C1247,Rohan Joshi,Bangalore,44,Regular
C1248,Anjali Patel,Bhopal,45,Gold
C1249,Nisha Choudhary,Delhi,54,Regular
C1250,Rishabh Iyer,Delhi,59,Gold
C1251,Kiara Nair,Indore,33,Regular
C1252,Vikram Singh,Bhopal,41,Regular
C1253,Riya Sharma,Bangalore,33,Regular
C1254,Pooja Kapoor,Hyderabad,51,Regular
C1255,Anjali Gupta,Bhopal,18,Regular
C1256,Anjali Patel,Pune,27,Regular
C1257,Amit Malhotra,Delhi,50,Regular
C1258,Nisha Joshi,Bangalore,64,Platinum
C1259,Arjun Patel,Delhi,39,Gold
C1260,Rahul Sharma,Chennai,58,Regular
C1261,Varun Singh,Delhi,49,Regular
C1262,Priya Kapoor,Pune,37,Silver
C1263,Neha Iyer,Bhopal,35,Silver
C1264,Karan Sharma,Mumbai,48,Regular
C1265,Nisha Choudhary,Kolkata,49,Regular
C1266,Tara Singh,Indore,47,Silver
C1267,Rahul Verma,Delhi,21,Silver
C1268,Neha Das,Ahmedabad,26,Regular
C1269,Karan Verma,Mumbai,37,Regular
C1270,Varun Verma,Hyderabad,33,Regular
C1271,Nisha Malhotra,Indore,47,Regular
C1272,Karan Reddy,Bangalore,49,Gold
C1273,Riya Choudhary,Delhi,62,Silver
C1274,Kiara Das,Bhopal,38,Platinum
C1275,Amit Bhat,Bangalore,45,Regular
C1276,Riya Choudhary,Delhi,45,Silver
C1277,Priya Das,Pune,55,Regular
C1278,Pooja Verma,Bhopal,61,Silver
C1279,Neha Kapoor,Delhi,32,Silver
C1280,Varun Sharma,Bhopal,58,Silver
C1281,Amit Joshi,Bangalore,59,Gold
C1282,Kiara Sharma,Delhi,23,Regular
C1283,Priya Bhat,Bangalore,36,Silver
C1284,Anjali Joshi,Ahmedabad,28,Silver
C1285,Vikram Das,Bangalore,34,Silver
C1286,Arjun Kumar,Mumbai,19,Platinum
C1287,Rohan Bhat,Chennai,20,Silver
C1288,Meera Sharma,Hyderabad,56,Gold
C1289,Rahul Choudhary,Indore,28,Regular
C1290,Meera Sharma,Ahmedabad,51,Regular
C1291,Meera Kumar,Delhi,32,Regular
C1292,Riya Patel,Chennai,48,Regular
C1293,Neha Kapoor,Delhi,49,Regular
C1294,Arjun Bhat,Chennai,64,Silver
C1295,Nisha Patel,Ahmedabad,21,Platinum
C1296,Vikram Kapoor,Mumbai,30,Regular
C1297,Amit Sharma,Bhopal,19,Regular
C1298,Kiara Iyer,Hyderabad,58,Silver
C1299,Tara Kapoor,Mumbai,47,Silver
C1300,Aditya Gupta,Chennai,46,Gold
C1301,Pooja Bhat,Kolkata,61,Regular
C1302,Riya Verma,Hyderabad,23,Platinum
C1303,Varun Das,Pune,40,Silver
C1304,Aditya Nair,Mumbai,56,Regular
C1305,Anjali Iyer,Indore,28,Regular
C1306,Nisha Das,Bhopal,52,Regular
C1307,Tara Kapoor,Kolkata,38,Silver
C1308,Varun Kumar,Kolkata,33,Silver
C1309,Rishabh Bhat,Bangalore,59,Regular
C1310,Neha Das,Delhi,47,Gold
C1311,Neha Bhat,Mumbai,19,Regular
C1312,Meera Reddy,Hyderabad,54,Silver
C1313,Varun Kumar,Delhi,58,Regular
C1314,Karan Joshi,Bhopal,43,Regular
C1315,Amit Kumar,Delhi,55,Regular
C1316,Priya Singh,Pune,55,Regular
C1317,Anjali Joshi,Ahmedabad,52,Platinum
C1318,Priya Kumar,Chennai,32,Regular
C1319,Priya Reddy,Bangalore,36,Platinum
C1320,Aditya Gupta,Delhi,55,Silver
C1321,Vikram Iyer,Mumbai,27,Regular
C1322,Nisha Das,Pune,30,Regular
C1323,Priya Patel,Pune,48,Silver
C1324,Neha Choudhary,Indore,53,Regular
C1325,Priya Singh,Bhopal,27,Regular
C1326,Vikram Patel,Hyderabad,55,Gold
C1327,Neha Das,Delhi,41,Silver
C1328,Sneha Singh,Delhi,36,Silver
C1329,Tara Kapoor,Ahmedabad,55,Regular
C1330,Sneha Iyer,Bhopal,39,Regular
C1331,Meera Kapoor,Indore,50,Regular
C1332,Neha Bhat,Indore,65,Regular
C1333,Sneha Reddy,Hyderabad,22,Regular
C1334,Karan Verma,Delhi,57,Regular
C1335,Tara Sharma,Bangalore,48,Gold
C1336,Karan Patel,Ahmedabad,25,Regular
C1337,Nisha Malhotra,Mumbai,27,Regular
C1338,Neha Reddy,Ahmedabad,26,Gold
C1339,Riya Patel,Chennai,19,Regular
C1340,Rahul Kumar,Ahmedabad,47,Regular
C1341,Anjali Malhotra,Bhopal,40,Silver
C1342,Karan Sharma,Kolkata,45,Regular
C1343,Priya Kapoor,Bangalore,41,Regular
C1344,Arjun Singh,Hyderabad,22,Platinum
C1345,Amit Gupta,Mumbai,45,Gold
C1346,Amit Sharma,Indore,51,Platinum
C1347,Karan Gupta,Pune,45,Regular
C1348,Anjali Das,Ahmedabad,34,Regular
C1349,Anjali Bhat,Bhopal,62,Gold
C1350,Karan Das,Delhi,20,Regular
C1351,Kiara Choudhary,Bhopal,43,Regular
C1352,Riya Iyer,Kolkata,58,Silver
C1353,Amit Iyer,Bangalore,18,Regular
C1354,Sneha Joshi,Delhi,53,Platinum
C1355,Pooja Patel,Chennai,51,Silver
C1356,Vikram Bhat,Ahmedabad,59,Platinum
C1357,Meera Choudhary,Kolkata,51,Silver
C1358,Vikram Reddy,Ahmedabad,28,Regular
C1359,Nisha Sharma,Hyderabad,29,Gold
C1360,Rahul Choudhary,Pune,63,Regular
C1361,Rohan Bhat,Bangalore,52,Regular
C1362,Karan Verma,Indore,29,Silver
C1363,Nisha Kapoor,Indore,19,Silver
C1364,Meera Kumar,Indore,63,Gold
C1365,Nisha Malhotra,Mumbai,64,Platinum
C1366,Tara Reddy,Pune,47,Gold
C1367,Rohan Choudhary,Pune,31,Regular
C1368,Nisha Singh,Delhi,62,Regular
C1369,Siddharth Choudhary,Delhi,26,Regular
C1370,Anjali Reddy,Indore,27,Regular
C1371,Rahul Joshi,Mumbai,38,Silver
C1372,Rahul Nair,Mumbai,40,Regular
C1373,Aditya Kapoor,Hyderabad,26,Platinum
C1374,Kiara Verma,Ahmedabad,65,Platinum
C1375,Siddharth Nair,Bhopal,65,Gold
C1376,Meera Choudhary,Indore,52,Gold
C1377,Tara Sharma,Indore,22,Regular
C1378,Tara Kumar,Delhi,57,Regular
C1379,Rahul Choudhary,Kolkata,50,Platinum
C1380,Arjun Reddy,Indore,43,Regular
C1381,Sneha Gupta,Pune,63,Regular
C1382,Priya Reddy,Ahmedabad,23,Platinum
C1383,Pooja Joshi,Delhi,22,Regular
C1384,Siddharth Malhotra,Hyderabad,53,Silver
C1385,Varun Das,Delhi,64,Silver
C1386,Kiara Kapoor,Bhopal,45,Silver
C1387,Pooja Bhat,Delhi,46,Regular
C1388,Nisha Iyer,Chennai,22,Silver
C1389,Riya Kapoor,Kolkata,26,Platinum
C1390,Nisha Iyer,Pune,48,Gold
C1391,Anjali Malhotra,Mumbai,20,Gold
C1392,Rahul Gupta,Pune,50,Silver
C1393,Amit Iyer,Hyderabad,35,Regular
C1394,Neha Gupta,Indore,43,Regular
C1395,Arjun Iyer,Delhi,37,Regular
C1396,Riya Das,Delhi,60,Silver
C1397,Karan Das,Ahmedabad,45,Regular
C1398,Amit Malhotra,Bhopal,62,Platinum
C1399,Meera Reddy,Pune,49,Regular
C1400,Amit Das,Mumbai,44,Regular
C1401,Neha Iyer,Pune,57,Gold
C1402,Riya Bhat,Indore,53,Regular
C1403,Sneha Choudhary,Delhi,48,Platinum
C1404,Priya Nair,Ahmedabad,35,Regular
C1405,Siddharth Iyer,Hyderabad,18,Gold
C1406,Sneha Gupta,Delhi,54,Gold
C1407,Vikram Bhat,Bhopal,59,Silver
C1408,Aditya Sharma,Delhi,54,Regular
C1409,Meera Reddy,Bangalore,48,Regular
C1410,Priya Choudhary,Kolkata,39,Regular
C1411,Siddharth Kapoor,Kolkata,49,Regular
C1412,Nisha Joshi,Hyderabad,59,Regular
C1413,Meera Reddy,Mumbai,23,Platinum
C1414,Priya Iyer,Indore,43,Silver
C1415,Tara Choudhary,Indore,62,Regular
C1416,Sneha Verma,Indore,31,Gold
C1417,Pooja Kapoor,Kolkata,64,Silver
C1418,Kiara Nair,Ahmedabad,54,Regular
C1419,Pooja Gupta,Bangalore,22,Regular
C1420,Amit Reddy,Chennai,55,Regular
C1421,Kiara Joshi,Kolkata,23,Regular
C1422,Rishabh Joshi,Chennai,21,Regular
C1423,Rishabh Iyer,Indore,28,Regular
C1424,Pooja Bhat,Pune,39,Regular
C1425,Amit Iyer,Pune,63,Regular
C1426,Riya Kumar,Hyderabad,22,Regular
C1427,Amit Iyer,Ahmedabad,65,Regular
C1428,Rahul Sharma,Delhi,46,Silver
C1429,Meera Das,Bhopal,65,Regular
C1430,Tara Gupta,Pune,56,Regular
C1431,Aditya Kapoor,Mumbai,58,Regular
C1432,Tara Joshi,Delhi,57,Regular
C1433,Aditya Malhotra,Indore,24,Regular
C1434,Aditya Das,Pune,48,Regular
C1435,Nisha Malhotra,Pune,50,Silver
C1436,Meera Iyer,Bhopal,51,Regular
C1437,Aditya Kumar,Pune,48,Silver
C1438,Arjun Kumar,Ahmedabad,37,Platinum
C1439,Rahul Kumar,Hyderabad,58,Regular
C1440,Karan Nair,Bangalore,59,Regular
C1441,Rahul Kapoor,Hyderabad,48,Regular
C1442,Neha Sharma,Kolkata,38,Gold
C1443,Amit Patel,Kolkata,22,Platinum
C1444,Rishabh Bhat,Hyderabad,44,Regular
C1445,Neha Choudhary,Indore,30,Regular
C1446,Arjun Gupta,Ahmedabad,38,Regular
C1447,Rohan Das,Delhi,53,Regular
C1448,Neha Reddy,Chennai,64,Platinum
C1449,Varun Bhat,Kolkata,51,Platinum
C1450,Priya Gupta,Kolkata,32,Regular
C1451,Vikram Verma,Bangalore,31,Regular
C1452,Kiara Choudhary,Ahmedabad,58,Regular
C1453,Tara Das,Indore,22,Gold
C1454,Meera Kumar,Bangalore,54,Regular
C1455,Aditya Das,Ahmedabad,34,Regular
C1456,Rahul Kapoor,Delhi,33,Regular
C1457,Siddharth Reddy,Ahmedabad,42,Platinum
C1458,Neha Gupta,Delhi,58,Silver
C1459,Karan Verma,Mumbai,24,Silver
C1460,Riya Sharma,Chennai,47,Silver
C1461,Amit Das,Hyderabad,26,Silver
C1462,Amit Gupta,Bhopal,29,Gold
C1463,Priya Das,Indore,55,Regular
C1464,Anjali Reddy,Ahmedabad,45,Platinum
C1465,Kiara Kapoor,Bangalore,51,Regular
C1466,Sneha Gupta,Pune,44,Regular
C1467,Aditya Patel,Chennai,46,Silver
C1468,Rahul Gupta,Pune,58,Gold
C1469,Kiara Kumar,Indore,44,Regular
C1470,Rohan Bhat,Kolkata,51,Silver
C1471,Varun Kapoor,Bangalore,52,Gold
C1472,Kiara Das,Kolkata,39,Gold
C1473,Priya Singh,Indore,33,Silver
C1474,Nisha Malhotra,Bangalore,42,Regular
C1475,Siddharth Bhat,Pune,48,Silver
C1476,Nisha Bhat,Ahmedabad,27,Silver
C1477,Anjali Gupta,Ahmedabad,43,Regular
C1478,Pooja Joshi,Pune,62,Gold
C1479,Arjun Nair,Chennai,23,Regular
C1480,Rahul Kapoor,Pune,33,Silver
C1481,Tara Gupta,Pune,42,Regular
C1482,Priya Reddy,Chennai,34,Regular
C1483,Sneha Kapoor,Bangalore,58,Gold
C1484,Tara Joshi,Chennai,62,Regular
C1485,Rahul Verma,Bangalore,51,Regular
C1486,Anjali Joshi,Ahmedabad,24,Regular
C1487,Riya Verma,Pune,53,Regular
C1488,Riya Patel,Bhopal,58,Gold
C1489,Neha Singh,Mumbai,30,Regular
C1490,Karan Patel,Bhopal,26,Regular
C1491,Vikram Joshi,Kolkata,31,Gold
C1492,Kiara Bhat,Bangalore,46,Regular
C1493,Priya Singh,Mumbai,43,Platinum
C1494,Sneha Iyer,Pune,26,Regular
C1495,Pooja Kapoor,Kolkata,60,Silver
C1496,Amit Kumar,Ahmedabad,22,Regular
C1497,Rohan Gupta,Chennai,63,Regular
C1498,Tara Sharma,Bhopal,65,Gold
C1499,Anjali Reddy,Bangalore,57,Platinum
C1500,Tara Reddy,Indore,18,Regular
C1501,Tara Iyer,Bangalore,30,Platinum
C1502,Karan Malhotra,Pune,37,Regular
C1503,Rahul Kumar,Ahmedabad,29,Regular
C1504,Aditya Nair,Bangalore,47,Regular
C1505,Priya Kumar,Delhi,36,Regular
C1506,Pooja Gupta,Mumbai,38,Regular
C1507,Rishabh Choudhary,Indore,56,Gold
C1508,Rohan Kumar,Hyderabad,23,Regular
C1509,Aditya Gupta,Chennai,24,Regular
C1510,Aditya Sharma,Kolkata,61,Regular
C1511,Anjali Gupta,Indore,40,Platinum
C1512,Neha Iyer,Indore,52,Gold
C1513,Rishabh Kumar,Mumbai,45,Silver
C1514,Rahul Das,Indore,18,Regular
C1515,Kiara Das,Kolkata,27,Regular
C1516,Kiara Kapoor,Bangalore,64,Regular
C1517,Rahul Sharma,Bhopal,64,Silver
C1518,Karan Kumar,Delhi,52,Regular
C1519,Vikram Iyer,Bangalore,57,Platinum
C1520,Nisha Nair,Chennai,57,Silver
C1521,Meera Gupta,Kolkata,24,Regular
C1522,Amit Choudhary,Kolkata,23,Regular
C1523,Rahul Sharma,Hyderabad,61,Regular
C1524,Aditya Joshi,Indore,62,Regular
C1525,Meera Choudhary,Ahmedabad,60,Silver
C1526,Rahul Kapoor,Ahmedabad,53,Silver
C1527,Karan Nair,Kolkata,34,Regular
C1528,Siddharth Bhat,Ahmedabad,18,Regular
C1529,Kiara Nair,Pune,62,Regular
C1530,Priya Sharma,Bhopal,24,Regular
C1531,Tara Kumar,Bhopal,25,Regular
C1532,Anjali Kapoor,Bangalore,55,Silver
C1533,Rahul Gupta,Mumbai,39,Platinum
C1534,Varun Das,Ahmedabad,44,Regular
C1535,Rahul Nair,Mumbai,18,Regular
C1536,Arjun Reddy,Indore,63,Regular
C1537,Aditya Iyer,Bhopal,59,Regular
C1538,Tara Choudhary,Chennai,18,Regular
C1539,Priya Joshi,Kolkata,27,Silver
C1540,Neha Kapoor,Chennai,34,Regular
C1541,Anjali Das,Bangalore,50,Platinum
C1542,Aditya Verma,Bangalore,34,Regular
C1543,Rohan Verma,Bangalore,63,Regular
C1544,Amit Bhat,Ahmedabad,35,Silver
C1545,Pooja Choudhary,Bhopal,58,Silver
C1546,Vikram Joshi,Bhopal,65,Gold
C1547,Pooja Choudhary,Hyderabad,35,Silver
C1548,Karan Verma,Bangalore,30,Regular
C1549,Neha Nair,Bangalore,20,Regular
C1550,Tara Joshi,Ahmedabad,32,Regular
C1551,Pooja Choudhary,Mumbai,20,Silver
C1552,Tara Malhotra,Hyderabad,63,Platinum
C1553,Sneha Verma,Hyderabad,29,Regular
C1554,Sneha Kapoor,Bangalore,50,Regular
C1555,Nisha Gupta,Mumbai,61,Silver
C1556,Rahul Sharma,Delhi,39,Regular
C1557,Priya Gupta,Delhi,27,Regular
C1558,Vikram Joshi,Kolkata,55,Regular
C1559,Kiara Das,Delhi,41,Regular
C1560,Karan Gupta,Bangalore,20,Gold
C1561,Neha Bhat,Indore,34,Platinum
C1562,Meera Kumar,Kolkata,36,Gold
C1563,Rohan Choudhary,Pune,26,Regular
C1564,Meera Bhat,Kolkata,63,Regular
C1565,Vikram Reddy,Chennai,39,Gold
C1566,Siddharth Patel,Kolkata,57,Regular
C1567,Aditya Sharma,Pune,20,Silver
C1568,Rishabh Reddy,Pune,33,Gold
C1569,Pooja Singh,Pune,50,Gold
C1570,Kiara Das,Kolkata,21,Platinum
C1571,Meera Malhotra,Delhi,39,Regular
C1572,Neha Kumar,Bhopal,40,Platinum
C1573,Karan Singh,Kolkata,31,Regular
C1574,Karan Iyer,Bhopal,28,Regular
C1575,Nisha Choudhary,Ahmedabad,50,Gold
C1576,Aditya Joshi,Bangalore,39,Regular
C1577,Priya Patel,Ahmedabad,26,Regular
C1578,Karan Kumar,Kolkata,43,Gold
C1579,Kiara Bhat,Indore,52,Regular
C1580,Meera Choudhary,Delhi,54,Silver
C1581,Rohan Das,Hyderabad,34,Regular
C1582,Rahul Kumar,Indore,54,Regular
C1583,Siddharth Gupta,Indore,41,Regular
C1584,Rishabh Verma,Delhi,53,Regular
C1585,Meera Patel,Delhi,37,Silver
C1586,Rishabh Choudhary,Kolkata,62,Silver
C1587,Sneha Iyer,Hyderabad,34,Platinum
C1588,Priya Sharma,Indore,20,Regular
C1589,Rahul Bhat,Mumbai,47,Regular
C1590,Meera Sharma,Bhopal,43,Silver
C1591,Riya Nair,Bhopal,49,Platinum
C1592,Riya Iyer,Chennai,20,Platinum
C1593,Kiara Iyer,Indore,26,Silver
C1594,Sneha Joshi,Indore,31,Regular
C1595,Karan Kapoor,Ahmedabad,32,Regular
C1596,Rahul Gupta,Bangalore,20,Silver
C1597,Priya Verma,Ahmedabad,25,Regular
C1598,Anjali Bhat,Indore,65,Gold
C1599,Amit Sharma,Mumbai,54,Regular
C1600,Meera Singh,Chennai,48,Gold
C1601,Rohan Singh,Pune,37,Regular
C1602,Vikram Das,Pune,48,Regular
C1603,Rahul Singh,Indore,42,Silver
C1604,Tara Gupta,Hyderabad,33,Regular
C1605,Anjali Patel,Chennai,32,Silver
C1606,Sneha Patel,Delhi,45,Regular
C1607,Kiara Verma,Bangalore,42,Regular
C1608,Arjun Reddy,Kolkata,54,Regular
C1609,Aditya Iyer,Delhi,45,Regular
C1610,Rishabh Iyer,Bangalore,31,Regular
C1611,Siddharth Reddy,Indore,49,Regular
C1612,Pooja Verma,Bhopal,60,Regular
C1613,Arjun Joshi,Hyderabad,58,Gold
C1614,Meera Choudhary,Mumbai,24,Gold
C1615,Tara Gupta,Kolkata,31,Regular
C1616,Rohan Bhat,Hyderabad,49,Regular
C1617,Sneha Reddy,Bangalore,39,Regular
C1618,Vikram Kumar,Kolkata,35,Regular
C1619,Priya Das,Indore,51,Regular
C1620,Anjali Reddy,Ahmedabad,20,Regular
C1621,Rishabh Singh,Delhi,35,Regular
C1622,Rohan Kumar,Pune,27,Platinum
C1623,Pooja Verma,Delhi,31,Gold
C1624,Varun Reddy,Indore,46,Silver
C1625,Nisha Patel,Chennai,64,Regular
C1626,Rohan Singh,Hyderabad,53,Regular
C1627,Tara Gupta,Pune,21,Regular
C1628,Neha Kumar,Bhopal,61,Regular
C1629,Aditya Bhat,Pune,51,Regular
C1630,Tara Malhotra,Bhopal,33,Silver
C1631,Nisha Reddy,Hyderabad,36,Platinum
C1632,Priya Patel,Indore,47,Regular
C1633,Priya Sharma,Bhopal,50,Silver
C1634,Siddharth Reddy,Delhi,56,Regular
C1635,Meera Malhotra,Bangalore,35,Regular
C1636,Rishabh Kapoor,Kolkata,43,Silver
C1637,Anjali Patel,Bhopal,21,Regular
C1638,Riya Gupta,Indore,54,Silver
C1639,Nisha Kapoor,Chennai,19,Regular
C1640,Anjali Malhotra,Pune,21,Gold
C1641,Riya Bhat,Delhi,59,Regular
C1642,Karan Sharma,Hyderabad,32,Regular
C1643,Kiara Kumar,Delhi,19,Regular
C1644,Vikram Bhat,Kolkata,39,Platinum
C1645,Meera Verma,Bhopal,32,Regular
C1646,Siddharth Kumar,Bhopal,40,Silver
C1647,Siddharth Verma,Pune,53,Regular
C1648,Karan Choudhary,Hyderabad,51,Regular
C1649,Pooja Patel,Pune,37,Regular
C1650,Vikram Kapoor,Kolkata,48,Regular
C1651,Amit Bhat,Mumbai,24,Platinum
C1652,Meera Kumar,Mumbai,43,Platinum
C1653,Rahul Kumar,Ahmedabad,52,Silver
C1654,Nisha Reddy,Chennai,52,Silver
C1655,Anjali Nair,Bhopal,25,Silver
C1656,Amit Reddy,Delhi,21,Platinum
C1657,Pooja Singh,Pune,51,Gold
C1658,Varun Patel,Bangalore,47,Silver
C1659,Meera Malhotra,Delhi,43,Silver
C1660,Varun Gupta,Delhi,20,Silver
C1661,Rahul Sharma,Ahmedabad,22,Regular
C1662,Vikram Kapoor,Kolkata,49,Regular
C1663,Sneha Kapoor,Mumbai,63,Regular
C1664,Priya Reddy,Delhi,48,Silver
C1665,Vikram Sharma,Mumbai,33,Regular
C1666,Rishabh Singh,Delhi,26,Regular
C1667,Riya Kumar,Chennai,29,Regular
C1668,Rishabh Bhat,Indore,35,Regular
C1669,Tara Verma,Pune,54,Gold
C1670,Neha Kapoor,Mumbai,60,Regular
C1671,Sneha Singh,Indore,28,Regular
C1672,Amit Gupta,Delhi,27,Regular
C1673,Varun Sharma,Bhopal,65,Regular
C1674,Varun Nair,Hyderabad,47,Silver
C1675,Amit Choudhary,Kolkata,61,Regular
C1676,Sneha Patel,Chennai,56,Regular
C1677,Kiara Joshi,Pune,60,Silver
C1678,Rohan Verma,Chennai,36,Silver
C1679,Arjun Malhotra,Kolkata,62,Platinum
C1680,Nisha Nair,Indore,46,Regular
C1681,Aditya Reddy,Bangalore,26,Regular
C1682,Arjun Das,Ahmedabad,50,Platinum
C1683,Riya Kapoor,Bangalore,51,Platinum
C1684,Karan Singh,Indore,59,Platinum
C1685,Kiara Bhat,Mumbai,27,Regular
C1686,Kiara Choudhary,Delhi,45,Silver
C1687,Vikram Reddy,Bhopal,52,Regular
C1688,Vikram Reddy,Indore,35,Silver
C1689,Pooja Verma,Delhi,34,Regular
C1690,Karan Das,Pune,59,Regular
C1691,Anjali Bhat,Bangalore,62,Regular
C1692,Tara Kapoor,Kolkata,34,Silver
C1693,Nisha Singh,Delhi,20,Silver
C1694,Aditya Sharma,Indore,51,Regular
C1695,Rishabh Sharma,Hyderabad,36,Gold
C1696,Kiara Iyer,Ahmedabad,26,Silver
C1697,Varun Nair,Pune,35,Silver
C1698,Riya Patel,Indore,19,Regular
C1699,Tara Sharma,Mumbai,21,Regular
C1700,Priya Nair,Mumbai,46,Regular
